x,linear_u,linear_w,linear_phi,nonlinear_u,nonlinear_w,nonlinear_phi
0.000000000000000000e+00,0.000000000000000000e+00,0.000000000000000000e+00,0.000000000000000000e+00,0.000000000000000000e+00,0.000000000000000000e+00,0.000000000000000000e+00
4.999999888241291046e-03,2.425435070563253248e-07,-4.581707471515983343e-04,3.595559392124414444e-03,1.143834379035979509e-04,-4.552612954284995794e-04,3.457966726273298264e-03
9.999999776482582092e-03,4.482584756715368712e-07,-1.250924193300306797e-03,7.083301898092031479e-03,2.247394440928474069e-04,-1.223771832883358002e-03,6.804352160543203354e-03
1.499999966472387314e-02,6.199501285664155148e-07,-2.372498158365488052e-03,1.046429295092821121e-02,3.305677964817732573e-04,-2.303107641637325287e-03,1.004044804722070694e-02
1.999999955296516418e-02,7.594647399855602998e-07,-3.816347336396574974e-03,1.373959612101316452e-02,4.314021789468824863e-04,-3.689092583954334259e-03,1.316755078732967377e-02
2.499999850988388062e-02,8.698692113284778316e-07,-5.575228016823530197e-03,1.691027916967868805e-02,5.268072127364575863e-04,-5.376019049435853958e-03,1.618696935474872589e-02
2.999999932944774628e-02,9.528493478683230933e-07,-7.641293574124574661e-03,1.997741125524044037e-02,6.163759389892220497e-04,-7.356802467256784439e-03,1.910001598298549652e-02
3.500000014901161194e-02,1.009925313155690674e-06,-1.000613346695899963e-02,2.294205687940120697e-02,6.997392629273235798e-04,-9.623240679502487183e-03,2.190799824893474579e-02
3.999999910593032837e-02,1.044901409841259010e-06,-1.266096346080303192e-02,2.580528520047664642e-02,7.765555637888610363e-04,-1.216624397784471512e-02,2.461225353181362152e-02
4.499999806284904480e-02,1.057805889104201924e-06,-1.559658441692590714e-02,2.856817469000816345e-02,8.465348510071635246e-04,-1.497598178684711456e-02,2.721408940851688385e-02
4.999999701976776123e-02,1.052354150488099549e-06,-1.880352012813091278e-02,3.123178705573081970e-02,9.093916742131114006e-04,-1.804213225841522217e-02,2.971483580768108368e-02
5.499999970197677612e-02,1.029127929541573394e-06,-2.227210439741611481e-02,3.379720449447631836e-02,9.649152634665369987e-04,-2.135409973561763763e-02,3.211583942174911499e-02
5.999999865889549255e-02,9.904184707920649089e-07,-2.599252574145793915e-02,3.626548498868942261e-02,1.012903638184070587e-03,-2.490108832716941833e-02,3.441841900348663330e-02
6.499999761581420898e-02,9.367805091642367188e-07,-2.995490841567516327e-02,3.863770887255668640e-02,1.053215004503726959e-03,-2.867231518030166626e-02,3.662391752004623413e-02
7.000000029802322388e-02,8.722442998987389728e-07,-3.414931893348693848e-02,4.091495648026466370e-02,1.085719908587634563e-03,-3.265709429979324341e-02,3.873369097709655762e-02
7.499999552965164185e-02,7.959084769026958384e-07,-3.856587409973144531e-02,4.309828579425811768e-02,1.110344543121755123e-03,-3.684487938880920410e-02,4.074904322624206543e-02
7.999999821186065674e-02,7.113335982467106078e-07,-4.319475218653678894e-02,4.518879577517509460e-02,1.127068884670734406e-03,-4.122545570135116577e-02,4.267137497663497925e-02
8.500000089406967163e-02,6.173199835757259279e-07,-4.802621528506278992e-02,4.718754813075065613e-02,1.135857892222702503e-03,-4.578883573412895203e-02,4.450200125575065613e-02
8.999999612569808960e-02,5.185625013837125152e-07,-5.305064097046852112e-02,4.909561201930046082e-02,1.136767445132136345e-03,-5.052541568875312805e-02,4.624224826693534851e-02
9.499999880790710449e-02,4.126480916966102086e-07,-5.825858935713768005e-02,5.091407522559165955e-02,1.129881595261394978e-03,-5.542587116360664368e-02,4.789351671934127808e-02
9.999999403953552246e-02,3.038072691197157837e-07,-6.364070624113082886e-02,5.264400318264961243e-02,1.115272054448723793e-03,-6.048119813203811646e-02,4.945709556341171265e-02
1.049999967217445374e-01,1.914577296702191234e-07,-6.918783485889434814e-02,5.428649112582206726e-02,1.093110069632530212e-03,-6.568278372287750244e-02,5.093437805771827698e-02
1.099999994039535522e-01,7.864540663149455213e-08,-7.489107549190521240e-02,5.584260821342468262e-02,1.063563046045601368e-03,-7.102221250534057617e-02,5.232671275734901428e-02
1.149999946355819702e-01,-3.596511533032753505e-08,-8.074157685041427612e-02,5.731341242790222168e-02,1.026836573146283627e-03,-7.649140805006027222e-02,5.363539606332778931e-02
1.199999973177909851e-01,-1.534653790713491617e-07,-8.673073351383209229e-02,5.870002135634422302e-02,9.831654606387019157e-04,-8.208237588405609131e-02,5.486183241009712219e-02
1.250000000000000000e-01,-2.664173734956420958e-07,-9.285008907318115234e-02,6.000348553061485291e-02,9.328231099061667919e-04,-8.778756856918334961e-02,5.600732937455177307e-02
1.299999952316284180e-01,-3.790327127717318945e-07,-9.909130632877349854e-02,6.122489273548126221e-02,8.760995697230100632e-04,-9.359937906265258789e-02,5.707323178648948669e-02
1.349999904632568359e-01,-4.889021170129126403e-07,-1.054463163018226624e-01,6.236531957983970642e-02,8.133204537443816662e-04,-9.951041638851165771e-02,5.806089937686920166e-02
1.400000005960464478e-01,-5.961387614661362022e-07,-1.119071766734123230e-01,6.342584639787673950e-02,7.448138203471899033e-04,-1.055135503411293030e-01,5.897164717316627502e-02
1.449999958276748657e-01,-7.006661348896159325e-07,-1.184660270810127258e-01,6.440754979848861694e-02,6.709306617267429829e-04,-1.116015762090682983e-01,5.980680510401725769e-02
1.499999910593032837e-01,-8.000277489372820128e-07,-1.251151561737060547e-01,6.531149893999099731e-02,5.920847179368138313e-04,-1.177673861384391785e-01,6.056772917509078979e-02
1.550000011920928955e-01,-8.944106184571865015e-07,-1.318470984697341919e-01,6.613881140947341919e-02,5.086433375254273415e-04,-1.240040287375450134e-01,6.125570088624954224e-02
1.599999964237213135e-01,-9.822617812460521236e-07,-1.386544108390808105e-01,6.689052283763885498e-02,4.210294864606112242e-04,-1.303045749664306641e-01,6.187207624316215515e-02
1.649999916553497314e-01,-1.064797174876730423e-06,-1.455297172069549561e-01,6.756775081157684326e-02,3.296704089734703302e-04,-1.366621553897857666e-01,6.241816282272338867e-02
1.700000017881393433e-01,-1.142664132203208283e-06,-1.524659544229507446e-01,6.817156076431274414e-02,2.349693531868979335e-04,-1.430699229240417480e-01,6.289526075124740601e-02
1.749999970197677612e-01,-1.212212964674108662e-06,-1.594559103250503540e-01,6.870301812887191772e-02,1.373925479128956795e-04,-1.495211869478225708e-01,6.330466270446777344e-02
1.799999922513961792e-01,-1.278330501008895226e-06,-1.664927303791046143e-01,6.916322559118270874e-02,3.735537029569968581e-05,-1.560091525316238403e-01,6.364769488573074341e-02
1.850000023841857910e-01,-1.335667775492765941e-06,-1.735694855451583862e-01,6.955324858427047729e-02,-6.468481296906247735e-05,-1.625273227691650391e-01,6.392563134431838989e-02
1.899999976158142090e-01,-1.384994106956582982e-06,-1.806794106960296631e-01,6.987418979406356812e-02,-1.682786387391388416e-04,-1.690689474344253540e-01,6.413976848125457764e-02
1.949999928474426270e-01,-1.426920903213613201e-06,-1.878157854080200195e-01,7.012710720300674438e-02,-2.730062697082757950e-04,-1.756277531385421753e-01,6.429138034582138062e-02
1.999999880790710449e-01,-1.462986688238743227e-06,-1.949721127748489380e-01,7.031309604644775391e-02,-3.784126020036637783e-04,-1.821971833705902100e-01,6.438174098730087280e-02
2.049999982118606567e-01,-1.490416707383701578e-06,-2.021417468786239624e-01,7.043322920799255371e-02,-4.840914043597877026e-04,-1.887710392475128174e-01,6.441210210323333740e-02
2.099999934434890747e-01,-1.512299036221520510e-06,-2.093184143304824829e-01,7.048860937356948853e-02,-5.895872018299996853e-04,-1.953430920839309692e-01,6.438372284173965454e-02
2.149999886751174927e-01,-1.524753201920248102e-06,-2.164957076311111450e-01,7.048027962446212769e-02,-6.945160566829144955e-04,-2.019073218107223511e-01,6.429785490036010742e-02
2.199999988079071045e-01,-1.529898554508690722e-06,-2.236674278974533081e-01,7.040935754776000977e-02,-7.984681287780404091e-04,-2.084577977657318115e-01,6.415573507547378540e-02
2.249999940395355225e-01,-1.528736220279824920e-06,-2.308273762464523315e-01,7.027690857648849487e-02,-9.010325884446501732e-04,-2.149885147809982300e-01,6.395857036113739014e-02
2.299999892711639404e-01,-1.521947865512629505e-06,-2.379694581031799316e-01,7.008404284715652466e-02,-1.001864904537796974e-03,-2.214939892292022705e-01,6.370762735605239868e-02
2.349999994039535522e-01,-1.505757836639531888e-06,-2.450879216194152832e-01,6.983180344104766846e-02,-1.100594061426818371e-03,-2.279687523841857910e-01,6.340409815311431885e-02
2.399999946355819702e-01,-1.484426547904149629e-06,-2.521766126155853271e-01,6.952129304409027100e-02,-1.196879893541336060e-03,-2.344071418046951294e-01,6.304914504289627075e-02
2.449999898672103882e-01,-1.453012259844399523e-06,-2.592298984527587891e-01,6.915359199047088623e-02,-1.290383748710155487e-03,-2.408041656017303467e-01,6.264402717351913452e-02
2.500000000000000000e-01,-1.421332854079082608e-06,-2.662421464920043945e-01,6.872978806495666504e-02,-1.380817964673042297e-03,-2.471545189619064331e-01,6.218987703323364258e-02
2.549999952316284180e-01,-1.378169599774992093e-06,-2.732074856758117676e-01,6.825095415115356445e-02,-1.467875321395695210e-03,-2.534535229206085205e-01,6.168791279196739197e-02
2.599999904632568359e-01,-1.327670815953752026e-06,-2.801206707954406738e-01,6.771819293498992920e-02,-1.551279565319418907e-03,-2.596961557865142822e-01,6.113924458622932434e-02
2.649999856948852539e-01,-1.272225972570595331e-06,-2.869762778282165527e-01,6.713257730007171631e-02,-1.630769809707999229e-03,-2.658779323101043701e-01,6.054504588246345520e-02
2.699999809265136719e-01,-1.212518441207066644e-06,-2.937689423561096191e-01,6.649518758058547974e-02,-1.706128241494297981e-03,-2.719943225383758545e-01,5.990643054246902466e-02
2.750000059604644775e-01,-1.150569687524694018e-06,-3.004935383796691895e-01,6.580709666013717651e-02,-1.777127268724143505e-03,-2.780410051345825195e-01,5.922459438443183899e-02
2.800000011920928955e-01,-1.076291823665087577e-06,-3.071447908878326416e-01,6.506943702697753906e-02,-1.843592151999473572e-03,-2.840137183666229248e-01,5.850062146782875061e-02
2.849999964237213135e-01,-1.009334482660051435e-06,-3.137180209159851074e-01,6.428325921297073364e-02,-1.905288314446806908e-03,-2.899084091186523438e-01,5.773559957742691040e-02
2.899999916553497314e-01,-9.258978934667538851e-07,-3.202079534530639648e-01,6.344965100288391113e-02,-1.962117385119199753e-03,-2.957212030887603760e-01,5.693064630031585693e-02
2.949999868869781494e-01,-8.534908602086943574e-07,-3.266101181507110596e-01,6.256969273090362549e-02,-2.013891935348510742e-03,-3.014484643936157227e-01,5.608685314655303955e-02
2.999999821186065674e-01,-7.640122703378438018e-07,-3.329197764396667480e-01,6.164449080824851990e-02,-2.060509286820888519e-03,-3.070862293243408203e-01,5.520532652735710144e-02
3.050000071525573730e-01,-6.709096851409412920e-07,-3.391322791576385498e-01,6.067511066794395447e-02,-2.101889811456203461e-03,-3.126311600208282471e-01,5.428704619407653809e-02
3.100000023841857910e-01,-5.762021828559227288e-07,-3.452433049678802490e-01,5.966265872120857239e-02,-2.137870527803897858e-03,-3.180795609951019287e-01,5.333313345909118652e-02
3.149999976158142090e-01,-4.876075081483577378e-07,-3.512485325336456299e-01,5.860821530222892761e-02,-2.168465405702590942e-03,-3.234286010265350342e-01,5.234461277723312378e-02
3.199999928474426270e-01,-3.843240392598090693e-07,-3.571436107158660889e-01,5.751287937164306641e-02,-2.193568274378776550e-03,-3.286745846271514893e-01,5.132254585623741150e-02
3.249999880790710449e-01,-2.897994022532657254e-07,-3.629245162010192871e-01,5.637772008776664734e-02,-2.213163767009973526e-03,-3.338146507740020752e-01,5.026791617274284363e-02
3.299999833106994629e-01,-1.977688839360780548e-07,-3.685874044895172119e-01,5.520384386181831360e-02,-2.227203221991658211e-03,-3.388455808162689209e-01,4.918177053332328796e-02
3.349999785423278809e-01,-1.000939064965677971e-07,-3.741279244422912598e-01,5.399233102798461914e-02,-2.235695719718933105e-03,-3.437648117542266846e-01,4.806507006287574768e-02
3.400000035762786865e-01,1.244789338272767054e-08,-3.795428276062011719e-01,5.274427309632301331e-02,-2.238667570054531097e-03,-3.485691845417022705e-01,4.691881313920021057e-02
3.449999988079071045e-01,1.072402895374580112e-07,-3.848284780979156494e-01,5.146077275276184082e-02,-2.236085012555122375e-03,-3.532561659812927246e-01,4.574402049183845520e-02
3.499999940395355225e-01,2.062744073327849037e-07,-3.899809718132019043e-01,5.014292895793914795e-02,-2.228035824373364449e-03,-3.578228652477264404e-01,4.454164206981658936e-02
3.549999892711639404e-01,3.078390875543846050e-07,-3.949971199035644531e-01,4.879177734255790710e-02,-2.214513951912522316e-03,-3.622670173645019531e-01,4.331260547041893005e-02
3.599999845027923584e-01,4.071727062182617374e-07,-3.998734652996063232e-01,4.740846902132034302e-02,-2.195625333115458488e-03,-3.665857613086700439e-01,4.205793514847755432e-02
3.649999797344207764e-01,5.106238631924497895e-07,-4.046070873737335205e-01,4.599406570196151733e-02,-2.171402564272284508e-03,-3.707767426967620850e-01,4.077853634953498840e-02
3.700000047683715820e-01,5.977744308438559528e-07,-4.091950654983520508e-01,4.454970359802246094e-02,-2.141939941793680191e-03,-3.748379349708557129e-01,3.947531804442405701e-02
3.750000000000000000e-01,6.909749572514556348e-07,-4.136339426040649414e-01,4.307642951607704163e-02,-2.107321284711360931e-03,-3.787666559219360352e-01,3.814922645688056946e-02
3.799999952316284180e-01,7.867426461416471284e-07,-4.179210960865020752e-01,4.157537221908569336e-02,-2.067668829113245010e-03,-3.825607895851135254e-01,3.680118918418884277e-02
3.849999904632568359e-01,8.749026960686023813e-07,-4.220539331436157227e-01,4.004760086536407471e-02,-2.023048233240842819e-03,-3.862183094024658203e-01,3.543211519718170166e-02
3.899999856948852539e-01,9.690137403595144860e-07,-4.260298609733581543e-01,3.849423676729202271e-02,-1.973620615899562836e-03,-3.897371590137481689e-01,3.404292091727256775e-02
3.949999809265136719e-01,1.046838065121846739e-06,-4.298462569713592529e-01,3.691636770963668823e-02,-1.919516129419207573e-03,-3.931151926517486572e-01,3.263444080948829651e-02
3.999999761581420898e-01,1.125088829212472774e-06,-4.335007965564727783e-01,3.531506285071372986e-02,-1.860845950432121754e-03,-3.963503837585449219e-01,3.120764158666133881e-02
4.050000011920928955e-01,1.200578026328003034e-06,-4.369914233684539795e-01,3.369145467877388000e-02,-1.797772711142897606e-03,-3.994411826133728027e-01,2.976332046091556549e-02
4.099999964237213135e-01,1.278630065826291684e-06,-4.403156042098999023e-01,3.204666078090667725e-02,-1.730433548800647259e-03,-4.023857414722442627e-01,2.830243110656738281e-02
4.149999916553497314e-01,1.340685003015096299e-06,-4.434716999530792236e-01,3.038171678781509399e-02,-1.658982480876147747e-03,-4.051820933818817139e-01,2.682580426335334778e-02
4.199999868869781494e-01,1.406495925948547665e-06,-4.464577138423919678e-01,2.869779616594314575e-02,-1.583636505529284477e-03,-4.078288972377777100e-01,2.533429674804210663e-02
4.249999821186065674e-01,1.463316721128649078e-06,-4.492717683315277100e-01,2.699596807360649109e-02,-1.504523912444710732e-03,-4.103243350982666016e-01,2.382878959178924561e-02
4.299999773502349854e-01,1.505093791820399929e-06,-4.519121348857879639e-01,2.527730539441108704e-02,-1.421811408363282681e-03,-4.126671850681304932e-01,2.231010608375072479e-02
4.350000023841857910e-01,1.567836079630069435e-06,-4.543770849704742432e-01,2.354294992983341217e-02,-1.335754408501088619e-03,-4.148558080196380615e-01,2.077909745275974274e-02
4.399999976158142090e-01,1.601196231604262721e-06,-4.566656351089477539e-01,2.179399505257606506e-02,-1.246471540071070194e-03,-4.168890118598937988e-01,1.923665590584278107e-02
4.449999928474426270e-01,1.647255317038798239e-06,-4.587762951850891113e-01,2.003156393766403198e-02,-1.154257799498736858e-03,-4.187656342983245850e-01,1.768356002867221832e-02
4.499999880790710449e-01,1.675651219557039440e-06,-4.607074856758117676e-01,1.825670711696147919e-02,-1.059199683368206024e-03,-4.204842448234558105e-01,1.612070016562938690e-02
4.549999833106994629e-01,1.705656586636905558e-06,-4.624584019184112549e-01,1.647058315575122833e-02,-9.615715243853628635e-04,-4.220440089702606201e-01,1.454890239983797073e-02
4.599999785423278809e-01,1.716908172966213897e-06,-4.640279710292816162e-01,1.467429567128419876e-02,-8.616444538347423077e-04,-4.234440624713897705e-01,1.296896208077669144e-02
4.650000035762786865e-01,1.749156353980652057e-06,-4.654151797294616699e-01,1.286890543997287750e-02,-7.595263305120170116e-04,-4.246830046176910400e-01,1.138174068182706833e-02
4.699999988079071045e-01,1.761649059517367277e-06,-4.666193723678588867e-01,1.105556916445493698e-02,-6.555354921147227287e-04,-4.257605671882629395e-01,9.788103401660919189e-03
4.749999940395355225e-01,1.757090899445756804e-06,-4.676398932933807373e-01,9.235383011400699615e-03,-5.498633254319429398e-04,-4.266757965087890625e-01,8.188826963305473328e-03
4.799999892711639404e-01,1.768904439813923091e-06,-4.684759378433227539e-01,7.409434299916028976e-03,-4.427554667927324772e-04,-4.274281263351440430e-01,6.584791000932455063e-03
4.849999845027923584e-01,1.757117956913134549e-06,-4.691272377967834473e-01,5.578849930316209793e-03,-3.344486176501959562e-04,-4.280169606208801270e-01,4.976817406713962555e-03
4.899999797344207764e-01,1.746825773807358928e-06,-4.695934951305389404e-01,3.744738176465034485e-03,-2.251697733299806714e-04,-4.284418523311614990e-01,3.365668002516031265e-03
4.949999749660491943e-01,1.732450414237973746e-06,-4.698739647865295410e-01,1.908226055093109608e-03,-1.152293625636957586e-04,-4.287026226520538330e-01,1.752263400703668594e-03
5.000000000000000000e-01,1.710272044874727726e-06,-4.699693024158477783e-01,7.040170021355152130e-05,-4.812114639207720757e-06,-4.287991523742675781e-01,1.374005805701017380e-04
5.049999952316284180e-01,1.689613895905495156e-06,-4.698786437511444092e-01,-1.767656649462878704e-03,1.058109701261855662e-04,-4.287308156490325928e-01,-1.478074584156274796e-03
5.099999904632568359e-01,1.660247562540462241e-06,-4.696026444435119629e-01,-3.604735247790813446e-03,2.163649187423288822e-04,-4.284980297088623047e-01,-3.093302482739090919e-03
5.149999856948852539e-01,1.610101548976672348e-06,-4.691413044929504395e-01,-5.439809989184141159e-03,3.266270505264401436e-04,-4.281006455421447754e-01,-4.707461223006248474e-03
5.199999809265136719e-01,1.577359171278658323e-06,-4.684949219226837158e-01,-7.271711248904466629e-03,4.363006737548857927e-04,-4.275388717651367188e-01,-6.319720763713121414e-03
5.250000357627868652e-01,1.517410510132322088e-06,-4.676637351512908936e-01,-9.099381975829601288e-03,5.451235920190811157e-04,-4.268130362033843994e-01,-7.929223589599132538e-03
5.300000309944152832e-01,1.473050588174373843e-06,-4.666485488414764404e-01,-1.092168036848306656e-02,6.528796511702239513e-04,-4.259232282638549805e-01,-9.535104036331176758e-03
5.350000262260437012e-01,1.412742903994512744e-06,-4.654496908187866211e-01,-1.273745764046907425e-02,7.592539186589419842e-04,-4.248703420162200928e-01,-1.113647036254405975e-02
5.400000214576721191e-01,1.347688680652936455e-06,-4.640679657459259033e-01,-1.454566605389118195e-02,8.640115265734493732e-04,-4.236545562744140625e-01,-1.273254491388797760e-02
5.450000166893005371e-01,1.280718265661562327e-06,-4.625041484832763672e-01,-1.634509488940238953e-02,9.668980492278933525e-04,-4.222766757011413574e-01,-1.432236377149820328e-02
5.500000119209289551e-01,1.210958430419850629e-06,-4.607594609260559082e-01,-1.813472807407379150e-02,1.067602890543639660e-03,-4.207375347614288330e-01,-1.590513624250888824e-02
5.550000071525573730e-01,1.143065901487716474e-06,-4.588345587253570557e-01,-1.991338096559047699e-02,1.165947993285953999e-03,-4.190379679203033447e-01,-1.747990772128105164e-02
5.600000023841857910e-01,1.067889684236433823e-06,-4.567305743694305420e-01,-2.167999185621738434e-02,1.261648256331682205e-03,-4.171786904335021973e-01,-1.904585398733615875e-02
5.649999976158142090e-01,9.809473340283147991e-07,-4.544489979743957520e-01,-2.343340963125228882e-02,1.354401232674717903e-03,-4.151609539985656738e-01,-2.060207538306713104e-02
5.699999928474426270e-01,8.997292866297357250e-07,-4.519912898540496826e-01,-2.517248690128326416e-02,1.444019027985632420e-03,-4.129860699176788330e-01,-2.214764431118965149e-02
5.749999880790710449e-01,8.124036980916571338e-07,-4.493585228919982910e-01,-2.689617127180099487e-02,1.530209090560674667e-03,-4.106548130512237549e-01,-2.368165925145149231e-02
5.799999833106994629e-01,7.190791961875220295e-07,-4.465527832508087158e-01,-2.860327810049057007e-02,1.612837309949100018e-03,-4.081689715385437012e-01,-2.520323544740676880e-02
5.850000381469726562e-01,6.343428253785532434e-07,-4.435752630233764648e-01,-3.029276989400386810e-02,1.691579003818333149e-03,-4.055295884609222412e-01,-2.671143412590026855e-02
5.900000333786010742e-01,5.446452178148319945e-07,-4.404277503490447998e-01,-3.196346387267112732e-02,1.766225206665694714e-03,-4.027385115623474121e-01,-2.820532768964767456e-02
5.950000286102294922e-01,4.545877629880124005e-07,-4.371125996112823486e-01,-3.361425921320915222e-02,1.836587442085146904e-03,-3.997970223426818848e-01,-2.968396618962287903e-02
6.000000238418579102e-01,3.383075863894191571e-07,-4.336313903331756592e-01,-3.524402529001235962e-02,1.902412972413003445e-03,-3.967069983482360840e-01,-3.114643320441246033e-02
6.050000190734863281e-01,2.505083500636828830e-07,-4.299865961074829102e-01,-3.685167431831359863e-02,1.963578164577484131e-03,-3.934704065322875977e-01,-3.259176388382911682e-02
6.100000143051147461e-01,1.518943548717288650e-07,-4.261800646781921387e-01,-3.843605518341064453e-02,2.019859617576003075e-03,-3.900886774063110352e-01,-3.401902318000793457e-02
6.150000095367431641e-01,5.414994319608013029e-08,-4.222142398357391357e-01,-3.999608010053634644e-02,2.071099122986197472e-03,-3.865640759468078613e-01,-3.542718663811683655e-02
6.200000047683715820e-01,-4.880714499222449376e-08,-4.180917143821716309e-01,-4.153060913085937500e-02,2.117119031026959419e-03,-3.828985989093780518e-01,-3.681537136435508728e-02
6.250000000000000000e-01,-1.367379809380508959e-07,-4.138149619102478027e-01,-4.303855076432228088e-02,2.157792681828141212e-03,-3.790942430496215820e-01,-3.818248957395553589e-02
6.299999952316284180e-01,-2.393295801539352397e-07,-4.093864858150482178e-01,-4.451875388622283936e-02,2.192952902987599373e-03,-3.751534819602966309e-01,-3.952762112021446228e-02
6.349999904632568359e-01,-3.208583621017169207e-07,-4.048092961311340332e-01,-4.597010463476181030e-02,2.222526352852582932e-03,-3.710781633853912354e-01,-4.084973037242889404e-02
6.399999856948852539e-01,-4.202351249205094064e-07,-4.000863432884216309e-01,-4.739151149988174438e-02,2.246378920972347260e-03,-3.668712377548217773e-01,-4.214783757925033569e-02
6.449999809265136719e-01,-5.259668114376836456e-07,-3.952203989028930664e-01,-4.878186061978340149e-02,2.264462411403656006e-03,-3.625347614288330078e-01,-4.342089220881462097e-02
6.500000357627868652e-01,-6.090239708100853022e-07,-3.902143836021423340e-01,-5.014003068208694458e-02,2.276656217873096466e-03,-3.580714762210845947e-01,-4.466787353157997131e-02
6.550000309944152832e-01,-6.967001695556973573e-07,-3.850720524787902832e-01,-5.146486312150955200e-02,2.282912144437432289e-03,-3.534840047359466553e-01,-4.588779062032699585e-02
6.600000262260437012e-01,-7.854712862354062963e-07,-3.797960281372070312e-01,-5.275531485676765442e-02,2.283238340169191360e-03,-3.487749695777893066e-01,-4.707955569028854370e-02
6.650000214576721191e-01,-8.860106390784494579e-07,-3.743905127048492432e-01,-5.401019379496574402e-02,2.277585910633206367e-03,-3.439472317695617676e-01,-4.824212193489074707e-02
6.700000166893005371e-01,-9.575967396813211963e-07,-3.688587844371795654e-01,-5.522843077778816223e-02,2.266002818942070007e-03,-3.390038907527923584e-01,-4.937446862459182739e-02
6.750000119209289551e-01,-1.022859692056954373e-06,-3.632041811943054199e-01,-5.640893802046775818e-02,2.248454373329877853e-03,-3.339476883411407471e-01,-5.047545954585075378e-02
6.800000071525573730e-01,-1.108615833800286055e-06,-3.574308156967163086e-01,-5.755050480365753174e-02,2.224983181804418564e-03,-3.287818133831024170e-01,-5.154407396912574768e-02
6.850000023841857910e-01,-1.174877411358465906e-06,-3.515426516532897949e-01,-5.865215510129928589e-02,2.195686101913452148e-03,-3.235093951225280762e-01,-5.257921665906906128e-02
6.899999976158142090e-01,-1.218853299178590532e-06,-3.455431163311004639e-01,-5.971269309520721436e-02,2.160650445148348808e-03,-3.181337416172027588e-01,-5.357981845736503601e-02
6.949999928474426270e-01,-1.290009777221712284e-06,-3.394370675086975098e-01,-6.073101237416267395e-02,2.119922544807195663e-03,-3.126582503318786621e-01,-5.454475060105323792e-02
6.999999880790710449e-01,-1.342140080851095263e-06,-3.332284390926361084e-01,-6.170603260397911072e-02,2.073716372251510620e-03,-3.070863485336303711e-01,-5.547291040420532227e-02
7.049999833106994629e-01,-1.403575652147992514e-06,-3.269216418266296387e-01,-6.263664364814758301e-02,2.022053347900509834e-03,-3.014216125011444092e-01,-5.636320263147354126e-02
7.099999785423278809e-01,-1.453236109227873385e-06,-3.205208778381347656e-01,-6.352169811725616455e-02,1.965184230357408524e-03,-2.956680059432983398e-01,-5.721450969576835632e-02
7.150000333786010742e-01,-1.477711975894635543e-06,-3.140308260917663574e-01,-6.436017155647277832e-02,1.903253723867237568e-03,-2.898287475109100342e-01,-5.802575126290321350e-02
7.200000286102294922e-01,-1.516763973086199258e-06,-3.074562549591064453e-01,-6.515082716941833496e-02,1.836484181694686413e-03,-2.839081585407257080e-01,-5.879567563533782959e-02
7.250000238418579102e-01,-1.544587689750187565e-06,-3.008020520210266113e-01,-6.589267402887344360e-02,1.765068154782056808e-03,-2.779101133346557617e-01,-5.952326208353042603e-02
7.300000190734863281e-01,-1.573955273670435417e-06,-2.940732538700103760e-01,-6.658457964658737183e-02,1.689253607764840126e-03,-2.718387246131896973e-01,-6.020731106400489807e-02
7.350000143051147461e-01,-1.590217379998648539e-06,-2.872743606567382812e-01,-6.722544878721237183e-02,1.609288621693849564e-03,-2.656982839107513428e-01,-6.084669753909111023e-02
7.400000095367431641e-01,-1.604513954589492641e-06,-2.804111838340759277e-01,-6.781418621540069580e-02,1.525462372228503227e-03,-2.594932019710540771e-01,-6.144024431705474854e-02
7.450000047683715820e-01,-1.594906393620476592e-06,-2.734883129596710205e-01,-6.834967434406280518e-02,1.438040402717888355e-03,-2.532278001308441162e-01,-6.198680773377418518e-02
7.500000000000000000e-01,-1.595781213836744428e-06,-2.665117383003234863e-01,-6.883078068494796753e-02,1.347321784123778343e-03,-2.469068169593811035e-01,-6.248526647686958313e-02
7.549999952316284180e-01,-1.588762188475811854e-06,-2.594866156578063965e-01,-6.925653666257858276e-02,1.253615482710301876e-03,-2.405350357294082642e-01,-6.293438374996185303e-02
7.599999904632568359e-01,-1.579555714670277666e-06,-2.524187266826629639e-01,-6.962569802999496460e-02,1.157294027507305145e-03,-2.341171801090240479e-01,-6.333304196596145630e-02
7.649999856948852539e-01,-1.555484232085291296e-06,-2.453138232231140137e-01,-6.993728131055831909e-02,1.058644615113735199e-03,-2.276584357023239136e-01,-6.368001550436019897e-02
7.699999809265136719e-01,-1.521123408565472346e-06,-2.381776571273803711e-01,-7.019014656543731689e-02,9.580432670190930367e-04,-2.211635708808898926e-01,-6.397420912981033325e-02
7.749999761581420898e-01,-1.491222178628959227e-06,-2.310161292552947998e-01,-7.038319110870361328e-02,8.558558183722198009e-04,-2.146382927894592285e-01,-6.421434879302978516e-02
7.800000309944152832e-01,-1.449591422897356097e-06,-2.238352596759796143e-01,-7.051541656255722046e-02,7.524375105276703835e-04,-2.080877870321273804e-01,-6.439930200576782227e-02
7.850000262260437012e-01,-1.399320353812072426e-06,-2.166415303945541382e-01,-7.058561593294143677e-02,6.481895688921213150e-04,-2.015176862478256226e-01,-6.452787667512893677e-02
7.900000214576721191e-01,-1.348290538771834690e-06,-2.094410210847854614e-01,-7.059282809495925903e-02,5.434700869955122471e-04,-1.949335485696792603e-01,-6.459888815879821777e-02
7.950000166893005371e-01,-1.288090857087809127e-06,-2.022401094436645508e-01,-7.053585350513458252e-02,4.386368382256478071e-04,-1.883415430784225464e-01,-6.461113691329956055e-02
8.000000119209289551e-01,-1.234775368175178301e-06,-1.950458288192749023e-01,-7.041370123624801636e-02,3.341704432386904955e-04,-1.817473620176315308e-01,-6.456343829631805420e-02
8.050000071525573730e-01,-1.154122287516656797e-06,-1.878640353679656982e-01,-7.022526860237121582e-02,2.303818619111552835e-04,-1.751572340726852417e-01,-6.445460766553878784e-02
8.100000023841857910e-01,-1.081061668628535699e-06,-1.807020306587219238e-01,-6.996948271989822388e-02,1.277253031730651855e-04,-1.685772538185119629e-01,-6.428342312574386597e-02
8.149999976158142090e-01,-9.995721939048962668e-07,-1.735665649175643921e-01,-6.964525580406188965e-02,2.655459320521913469e-05,-1.620141118764877319e-01,-6.404872238636016846e-02
8.199999928474426270e-01,-9.114413046518166084e-07,-1.664645224809646606e-01,-6.925156712532043457e-02,-7.271418144227936864e-05,-1.554740965366363525e-01,-6.374931335449218750e-02
8.249999880790710449e-01,-8.291373774227395188e-07,-1.594031304121017456e-01,-6.878729164600372314e-02,-1.697177212918177247e-04,-1.489639878273010254e-01,-6.338394433259963989e-02
8.299999833106994629e-01,-7.367398211499676108e-07,-1.523894369602203369e-01,-6.825137138366699219e-02,-2.640739257913082838e-04,-1.424906849861145020e-01,-6.295150518417358398e-02
8.349999785423278809e-01,-6.331524105007702019e-07,-1.454307287931442261e-01,-6.764282286167144775e-02,-3.553197020664811134e-04,-1.360609978437423706e-01,-6.245076656341552734e-02
8.400000333786010742e-01,-5.415390660346020013e-07,-1.385345458984375000e-01,-6.696048378944396973e-02,-4.431944980751723051e-04,-1.296819895505905151e-01,-6.188052147626876831e-02
8.450000286102294922e-01,-4.340580517236958258e-07,-1.317083537578582764e-01,-6.620334088802337646e-02,-5.272905691526830196e-04,-1.233610212802886963e-01,-6.123960390686988831e-02
8.500000238418579102e-01,-3.322965653751452919e-07,-1.249598339200019836e-01,-6.537035107612609863e-02,-6.072695832699537277e-04,-1.171053647994995117e-01,-6.052683666348457336e-02
8.550000190734863281e-01,-2.307409943114180351e-07,-1.182968020439147949e-01,-6.446042656898498535e-02,-6.827602628618478775e-04,-1.109224930405616760e-01,-5.974103882908821106e-02
8.600000143051147461e-01,-1.137501257630901819e-07,-1.117265820503234863e-01,-6.347258388996124268e-02,-7.534514297731220722e-04,-1.048200279474258423e-01,-5.888098478317260742e-02
8.650000095367431641e-01,-1.723089937399890914e-08,-1.052575930953025818e-01,-6.240570917725563049e-02,-8.190096123144030571e-04,-9.880561381578445435e-02,-5.794552713632583618e-02
8.700000047683715820e-01,9.369991715857395320e-08,-9.889756888151168823e-02,-6.125880777835845947e-02,-8.791727013885974884e-04,-9.288690239191055298e-02,-5.693349987268447876e-02
8.750000000000000000e-01,2.063306965283118188e-07,-9.265496581792831421e-02,-6.003080680966377258e-02,-9.336306829936802387e-04,-8.707199245691299438e-02,-5.584369599819183350e-02
8.799999952316284180e-01,3.148662131025048438e-07,-8.653761446475982666e-02,-5.872067064046859741e-02,-9.820994455367326736e-04,-8.136884123086929321e-02,-5.467497184872627258e-02
8.849999904632568359e-01,4.088625757958652684e-07,-8.055386692285537720e-02,-5.732738226652145386e-02,-1.024344237521290779e-03,-7.578549534082412720e-02,-5.342615395784378052e-02
8.899999856948852539e-01,5.187543479223677423e-07,-7.471211999654769897e-02,-5.584993213415145874e-02,-1.060110866092145443e-03,-7.033026218414306641e-02,-5.209609866142272949e-02
8.949999809265136719e-01,6.141844437479448970e-07,-6.902091950178146362e-02,-5.428723990917205811e-02,-1.089216675609350204e-03,-6.501130759716033936e-02,-5.068362876772880554e-02
8.999999761581420898e-01,7.062226359266787767e-07,-6.348896026611328125e-02,-5.263829231262207031e-02,-1.111444318667054176e-03,-5.983710289001464844e-02,-4.918759688735008240e-02
9.050000309944152832e-01,7.944238404888892546e-07,-5.812446027994155884e-02,-5.090207979083061218e-02,-1.126608694903552532e-03,-5.481579527258872986e-02,-4.760684445500373840e-02
9.100000262260437012e-01,8.708780114830005914e-07,-5.293644964694976807e-02,-4.907760024070739746e-02,-1.134562422521412373e-03,-4.995607957243919373e-02,-4.594026505947113037e-02
9.150000214576721191e-01,9.400114890922850464e-07,-4.793364554643630981e-02,-4.716379940509796143e-02,-1.135166268795728683e-03,-4.526654258370399475e-02,-4.418669268488883972e-02
9.200000166893005371e-01,1.012384473142446950e-06,-4.312486201524734497e-02,-4.515973851084709167e-02,-1.128329313360154629e-03,-4.075572267174720764e-02,-4.234502464532852173e-02
9.250000119209289551e-01,1.065398805621953215e-06,-3.851896151900291443e-02,-4.306432232260704041e-02,-1.113931182771921158e-03,-3.643209114670753479e-02,-4.041413590312004089e-02
9.300000071525573730e-01,1.114214910558075644e-06,-3.412487730383872986e-02,-4.087657108902931213e-02,-1.091918093152344227e-03,-3.230460733175277710e-02,-3.839286416769027710e-02
9.350000023841857910e-01,1.144336806646606419e-06,-2.995192632079124451e-02,-3.859552368521690369e-02,-1.062236260622739792e-03,-2.838179841637611389e-02,-3.628015890717506409e-02
9.399999976158142090e-01,1.168693756881111767e-06,-2.600881271064281464e-02,-3.622012212872505188e-02,-1.024872646667063236e-03,-2.467245422303676605e-02,-3.407487273216247559e-02
9.449999928474426270e-01,1.176910132016928401e-06,-2.230491675436496735e-02,-3.374942764639854431e-02,-9.798177052289247513e-04,-2.118531800806522369e-02,-3.177595138549804688e-02
9.499999880790710449e-01,1.170425207419611979e-06,-1.884940825402736664e-02,-3.118241764605045319e-02,-9.271122398786246777e-04,-1.792918331921100616e-02,-2.938227355480194092e-02
9.549999833106994629e-01,1.147299030890280847e-06,-1.565150544047355652e-02,-2.851811982691287994e-02,-8.667772053740918636e-04,-1.491281110793352127e-02,-2.689274773001670837e-02
9.599999785423278809e-01,1.106700096897839103e-06,-1.272049453109502792e-02,-2.575552649796009064e-02,-7.988946163095533848e-04,-1.214499492198228836e-02,-2.430633082985877991e-02
9.649999737739562988e-01,1.046634679369162768e-06,-1.006556767970323563e-02,-2.289367839694023132e-02,-7.235560915432870388e-04,-9.634504094719886780e-03,-2.162193134427070618e-02
9.700000286102294922e-01,9.689738362794741988e-07,-7.696099579334259033e-03,-1.993156969547271729e-02,-6.408818298950791359e-04,-7.390070706605911255e-03,-1.883847638964653015e-02
9.750000238418579102e-01,8.683020382704853546e-07,-5.621587857604026794e-03,-1.686828210949897766e-02,-5.510010523721575737e-04,-5.420545581728219986e-03,-1.595496758818626404e-02
9.800000190734863281e-01,7.453720058947510552e-07,-3.851267974823713303e-03,-1.370282098650932312e-02,-4.540849477052688599e-04,-3.734581405296921730e-03,-1.297033485025167465e-02
9.850000143051147461e-01,5.985385769236017950e-07,-2.394545124843716621e-03,-1.043421961367130280e-02,-3.503091284073889256e-04,-2.340921899303793907e-03,-9.883539751172065735e-03
9.900000095367431641e-01,4.270887359325570287e-07,-1.260817865841090679e-03,-7.061518728733062744e-03,-2.398828219156712294e-04,-1.248183776624500751e-03,-6.693565752357244492e-03
9.950000047683715820e-01,2.271513892537768697e-07,-4.595149366650730371e-04,-3.583763726055622101e-03,-1.230309280799701810e-04,-4.650149203371256590e-04,-3.399387467652559280e-03
1.000000000000000000e+00,0.000000000000000000e+00,0.000000000000000000e+00,0.000000000000000000e+00,0.000000000000000000e+00,0.000000000000000000e+00,0.000000000000000000e+00
